{"100142_PRODUKTBILD_WEB_MPERSPEKTIVE1_20190830_085533774_600x600.jpg34649":{"fileref":"","size":34649,"filename":"100142_PRODUKTBILD_WEB_MPERSPEKTIVE1_20190830_085533774_600x600.jpg","base64_img_data":"","file_attributes":{},"regions":{"0":{"shape_attributes":{"name":"polygon","all_points_x":[37,71,78,50,58,123,308,313,304,282,359,348,379,357,344,282,122,119,99,102,63,54,39,59,50,37],"all_points_y":[126,133,107,93,80,69,82,94,107,227,253,274,505,505,388,369,401,562,565,429,393,480,485,296,252,126]},"region_attributes":{"wooden chair":"wooden chair"}},"1":{"shape_attributes":{"name":"rect","x":54,"y":226,"width":306,"height":79},"region_attributes":{"wooden chair":"upholstery"}}}},"abc_127.jpg20136":{"fileref":"","size":20136,"filename":"abc_127.jpg","base64_img_data":"","file_attributes":{},"regions":{"0":{"shape_attributes":{"name":"polygon","all_points_x":[141,166,188,189,401,403,427,457,448,446,429,427,408,419,396,398,196,198,185,181,171,177,156,154,141],"all_points_y":[242,181,180,21,19,174,179,236,245,577,579,417,384,484,478,382,387,487,484,409,429,582,579,246,242]},"region_attributes":{"wooden chair":"wooden chair"}},"1":{"shape_attributes":{"name":"rect","x":176,"y":279,"width":253,"height":106},"region_attributes":{"wooden chair":"upholstery"}},"2":{"shape_attributes":{"name":"rect","x":522,"y":172,"width":31,"height":12},"region_attributes":{}},"3":{"shape_attributes":{"name":"rect","x":517,"y":108,"width":9,"height":67},"region_attributes":{}},"4":{"shape_attributes":{"name":"rect","x":470,"y":40,"width":87,"height":29},"region_attributes":{}}}},"abc_122.jpg23521":{"fileref":"","size":23521,"filename":"abc_122.jpg","base64_img_data":"","file_attributes":{},"regions":{"0":{"shape_attributes":{"name":"polygon","all_points_x":[2,27,10,24,124,171,237,185,221,207,196,118,114,130,114,72,20,14,2],"all_points_y":[335,159,97,93,96,208,228,244,345,349,324,362,366,408,407,288,308,339,335]},"region_attributes":{"wooden chair":"wooden chair"}},"1":{"shape_attributes":{"name":"polygon","all_points_x":[152,238,130,42,29,152],"all_points_y":[258,229,203,221,239,258]},"region_attributes":{"wooden chair":"upholstery"}},"2":{"shape_attributes":{"name":"polygon","all_points_x":[261,328,374,482,472,497,488,477,433,386,373,387,301,288,277,318,261],"all_points_y":[228,210,96,96,161,337,342,309,291,409,407,365,323,353,348,250,228]},"region_attributes":{"wooden chair":"wooden chair"}},"3":{"shape_attributes":{"name":"polygon","all_points_x":[332,325,326,325,380,466,474,349,263,265,335,325,326,327,330,325,334,332],"all_points_y":[179,176,162,206,204,221,234,262,232,220,208,165,164,164,206,161,172,179]},"region_attributes":{"wooden chair":"upholstery"}}}},"abc_118.jpg16859":{"fileref":"","size":16859,"filename":"abc_118.jpg","base64_img_data":"","file_attributes":{},"regions":{"0":{"shape_attributes":{"name":"polygon","all_points_x":[155,134,149,140,113,113,133,122,306,307,423,425,409,403,415,408,410,390,386,304,304,291,219,225,205,191,167,155],"all_points_y":[422,424,258,138,130,124,116,19,18,105,111,122,124,228,246,263,457,449,350,320,398,323,331,484,481,369,358,422]},"region_attributes":{"wooden chair":"wooden chair"}},"1":{"shape_attributes":{"name":"polygon","all_points_x":[171,310,414,412,207,167,171],"all_points_y":[224,209,240,254,270,244,224]},"region_attributes":{"wooden chair":"upholstery"}}}},"2147_dsc03990.jpg406630":{"fileref":"","size":406630,"filename":"2147_dsc03990.jpg","base64_img_data":"","file_attributes":{},"regions":{"0":{"shape_attributes":{"name":"polygon","all_points_x":[375,460,462,467,580,580,749,743,878,878,891,600,406,454,386,126,137,208,210,370,377,460,374,377,458,375],"all_points_y":[918,904,609,681,667,588,537,830,803,512,496,385,419,390,236,180,735,731,536,625,905,904,909,909,907,918]},"region_attributes":{"wooden chair":"wooden chair"}},"1":{"shape_attributes":{"name":"polygon","all_points_x":[138,591,889,885,467,364,144,138],"all_points_y":[460,381,479,494,596,609,510,460]},"region_attributes":{"wooden chair":"upholstery"}}}},"abc_130.jpg141463":{"fileref":"","size":141463,"filename":"abc_130.jpg","base64_img_data":"","file_attributes":{},"regions":{"0":{"shape_attributes":{"name":"polygon","all_points_x":[123,511,522,504,514,667,663,653,690,665,633,553,475,392,384,346,328,287,272,268,254,229,195,231,183,116,123],"all_points_y":[36,22,48,69,385,437,470,474,797,802,631,503,523,648,797,800,563,506,556,585,596,783,793,473,128,32,36]},"region_attributes":{"wooden chair":"wooden chair"}},"1":{"shape_attributes":{"name":"polygon","all_points_x":[264,508,661,656,366,225,243,264],"all_points_y":[406,386,434,467,516,461,429,406]},"region_attributes":{"wooden chair":"upholstery"}},"2":{"shape_attributes":{"name":"polygon","all_points_x":[194,251,122,253,75,76,90,90,122,194],"all_points_y":[312,322,243,243,250,248,264,264,237,312]},"region_attributes":{}}}},"abc_119.jpg12693":{"fileref":"","size":12693,"filename":"abc_119.jpg","base64_img_data":"","file_attributes":{},"regions":{"0":{"shape_attributes":{"name":"polygon","all_points_x":[177,83,85,229,294,177],"all_points_y":[172,214,224,250,203,172]},"region_attributes":{"wooden chair":"upholstery"}},"1":{"shape_attributes":{"name":"polygon","all_points_x":[178,164,78,90,115,110,210,209,235,231,278,276,295,321,178],"all_points_y":[5,169,216,355,354,233,253,384,387,258,223,317,330,4,5]},"region_attributes":{"wooden chair":"wooden chair"}}}},"4-1000x1000.jpg68575":{"fileref":"","size":68575,"filename":"4-1000x1000.jpg","base64_img_data":"","file_attributes":{},"regions":{"0":{"shape_attributes":{"name":"polygon","all_points_x":[346,544,713,452,338,354,346],"all_points_y":[406,397,472,521,415,399,406]},"region_attributes":{"wooden chair":"upholstery"}},"1":{"shape_attributes":{"name":"polygon","all_points_x":[296,537,544,711,693,657,641,637,488,472,440,440,350,355,327,329,296],"all_points_y":[122,117,384,474,479,813,822,774,813,874,887,797,724,768,767,417,122]},"region_attributes":{"wooden chair":"wooden chair"}}}},"abc_134.jpg7600":{"fileref":"","size":7600,"filename":"abc_134.jpg","base64_img_data":"","file_attributes":{},"regions":{"0":{"shape_attributes":{"name":"polygon","all_points_x":[209,315,326,305,204,196,209],"all_points_y":[147,145,171,182,173,167,147]},"region_attributes":{"wooden chair":"upholstery"}},"1":{"shape_attributes":{"name":"polygon","all_points_x":[189,318,308,295,315,330,320,337,329,297,220,189,182,201,197,211,226,208,189],"all_points_y":[33,34,76,134,145,169,177,293,300,181,182,297,293,178,170,139,140,78,33]},"region_attributes":{"wooden chair":"wooden chair"}}}},"abc_133.jpg21080":{"fileref":"","size":21080,"filename":"abc_133.jpg","base64_img_data":"","file_attributes":{},"regions":{"0":{"shape_attributes":{"name":"polygon","all_points_x":[82,84,269,410,418,242,82],"all_points_y":[222,250,265,237,210,178,222]},"region_attributes":{"wooden chair":"upholstery"}},"1":{"shape_attributes":{"name":"polygon","all_points_x":[27,182,421,425,410,401,292,295,280,267,246,180,164,216,122,40,25,98,81,79,115,138,40,27],"all_points_y":[31,17,154,432,432,241,263,470,473,270,265,413,404,263,256,447,444,254,250,221,209,136,89,31]},"region_attributes":{"wooden chair":"wooden chair"}}}},"abc_132.jpg35919":{"fileref":"","size":35919,"filename":"abc_132.jpg","base64_img_data":"","file_attributes":{},"regions":{"0":{"shape_attributes":{"name":"polygon","all_points_x":[129,280,405,406,220,133,128,129],"all_points_y":[244,214,252,270,298,259,249,244]},"region_attributes":{"wooden chair":"upholstery"}},"1":{"shape_attributes":{"name":"polygon","all_points_x":[97,124,124,250,253,278,300,403,402,364,366,327,249,248,215,215,148,145,117,97],"all_points_y":[11,16,20,14,0,5,214,247,457,451,418,400,415,495,494,456,420,436,433,11]},"region_attributes":{"wooden chair":"wooden chair"}}}},"abc_131.jpeg4029":{"fileref":"","size":4029,"filename":"abc_131.jpeg","base64_img_data":"","file_attributes":{},"regions":{"0":{"shape_attributes":{"name":"polygon","all_points_x":[49,119,157,161,89,51,49],"all_points_y":[117,105,124,134,158,125,117]},"region_attributes":{"wooden chair":"upholstery"}},"1":{"shape_attributes":{"name":"polygon","all_points_x":[172,162,153,153,101,102,92,89,71,63,66,63,55,47,111,121,177,173,125,172],"all_points_y":[4,181,184,156,180,221,224,165,146,157,176,181,131,116,99,9,0,10,7,4]},"region_attributes":{"wooden chair":"wooden chair"}}}},"abc_129.jpg35716":{"fileref":"","size":35716,"filename":"abc_129.jpg","base64_img_data":"","file_attributes":{},"regions":{"0":{"shape_attributes":{"name":"polygon","all_points_x":[298,388,387,188,150,158,298],"all_points_y":[212,235,250,259,236,220,212]},"region_attributes":{"wooden chair":"upholstery"}},"1":{"shape_attributes":{"name":"polygon","all_points_x":[122,99,145,119,141,157,193,196,210,217,362,367,382,383,389,289,304,122],"all_points_y":[18,56,246,430,427,330,346,483,484,325,327,462,463,252,241,211,7,18]},"region_attributes":{"wooden chair":"wooden chair"}}}},"abc_128.jpg25124":{"fileref":"","size":25124,"filename":"abc_128.jpg","base64_img_data":"","file_attributes":{},"regions":{"0":{"shape_attributes":{"name":"polygon","all_points_x":[150,371,481,489,229,135,130,150],"all_points_y":[274,262,287,342,342,311,271,274]},"region_attributes":{"wooden chair":"upholstery"}},"1":{"shape_attributes":{"name":"polygon","all_points_x":[130,365,380,492,481,462,460,244,238,212,212,154,141,123,130,123,130],"all_points_y":[26,29,257,296,570,568,339,347,582,578,341,321,531,526,182,24,26]},"region_attributes":{"wooden chair":"wooden chair"}}}},"abc_125.jpg16585":{"fileref":"","size":16585,"filename":"abc_125.jpg","base64_img_data":"","file_attributes":{},"regions":{"0":{"shape_attributes":{"name":"polygon","all_points_x":[124,260,347,350,207,118,124],"all_points_y":[266,232,273,310,368,297,266]},"region_attributes":{"wooden chair":"upholstery"}},"1":{"shape_attributes":{"name":"polygon","all_points_x":[265,390,362,350,345,228,225,207,193,146,156,146,137,122,119,260,272,265],"all_points_y":[28,2,410,416,347,411,498,498,368,326,398,407,404,311,267,231,25,28]},"region_attributes":{"wooden chair":"wooden chair"}}}},"abc_124.jpg15243":{"fileref":"","size":15243,"filename":"abc_124.jpg","base64_img_data":"","file_attributes":{},"regions":{"0":{"shape_attributes":{"name":"polygon","all_points_x":[112,276,342,320,139,112],"all_points_y":[312,307,358,365,378,312]},"region_attributes":{"wooden chair":"upholstery"}},"1":{"shape_attributes":{"name":"polygon","all_points_x":[521,365,369,508,658,544,521],"all_points_y":[404,432,447,508,461,398,404]},"region_attributes":{"wooden chair":"upholstery"}},"2":{"shape_attributes":{"name":"polygon","all_points_x":[90,121,259,256,280,279,342,335,352,316,309,171,169,132,142,124,121,108,90],"all_points_y":[72,89,85,70,65,313,356,369,547,552,488,506,577,576,481,467,493,498,72]},"region_attributes":{"wooden chair":"wooden chair"}},"3":{"shape_attributes":{"name":"polygon","all_points_x":[534,579,573,682,707,678,682,642,641,530,518,480,483,383,375,339,375,366,516,534],"all_points_y":[131,136,149,177,157,450,662,666,616,645,732,721,648,596,654,643,451,424,396,131]},"region_attributes":{"wooden chair":"wooden chair"}}}},"abc_123.jpg56044":{"fileref":"","size":56044,"filename":"abc_123.jpg","base64_img_data":"","file_attributes":{},"regions":{"0":{"shape_attributes":{"name":"polygon","all_points_x":[224,200,586,575,220,224],"all_points_y":[340,427,432,346,330,340]},"region_attributes":{"wooden chair":"upholstery"}},"1":{"shape_attributes":{"name":"polygon","all_points_x":[221,577,579,566,560,583,572,567,211,227,204,233,233,221],"all_points_y":[0,14,142,151,339,431,445,780,787,442,394,303,145,0]},"region_attributes":{"wooden chair":"wooden chair"}}}},"abc_120.jpeg5016":{"fileref":"","size":5016,"filename":"abc_120.jpeg","base64_img_data":"","file_attributes":{},"regions":{"0":{"shape_attributes":{"name":"polygon","all_points_x":[75,150,164,165,59,67,75],"all_points_y":[101,107,131,143,145,126,101]},"region_attributes":{"wooden chair":"upholstery"}},"1":{"shape_attributes":{"name":"polygon","all_points_x":[67,151,154,166,176,169,172,166,162,158,156,153,79,79,70,70,62,59,70,74,67],"all_points_y":[7,10,71,70,89,97,217,218,155,153,179,148,146,176,158,217,218,93,70,6,7]},"region_attributes":{"wooden chair":"wooden chair"}}}},"abc_117.jpeg6280":{"fileref":"","size":6280,"filename":"abc_117.jpeg","base64_img_data":"","file_attributes":{},"regions":{"0":{"shape_attributes":{"name":"polygon","all_points_x":[77,141,178,176,90,77],"all_points_y":[116,109,127,134,141,116]},"region_attributes":{"wooden chair":"upholstery"}},"1":{"shape_attributes":{"name":"polygon","all_points_x":[63,144,142,180,172,173,166,165,104,104,92,91,76,76,65,72,63],"all_points_y":[16,16,99,130,141,208,209,144,149,220,217,146,138,184,182,82,16]},"region_attributes":{"wooden chair":"wooden chair"}}}},"abc_116.jpg28701":{"fileref":"","size":28701,"filename":"abc_116.jpg","base64_img_data":"","file_attributes":{},"regions":{"0":{"shape_attributes":{"name":"polygon","all_points_x":[54,203,358,229,54],"all_points_y":[260,198,238,311,260]},"region_attributes":{"wooden chair":"upholstery"}},"1":{"shape_attributes":{"name":"polygon","all_points_x":[28,55,154,181,190,118,147,197,351,335,373,363,317,240,240,222,212,100,35,22,80,52,51,28],"all_points_y":[49,23,18,38,95,142,221,196,236,266,467,473,284,324,575,578,324,299,517,513,279,261,156,49]},"region_attributes":{"wooden chair":"wooden chair"}}}},"abc_115.jpeg4184":{"fileref":"","size":4184,"filename":"abc_115.jpeg","base64_img_data":"","file_attributes":{},"regions":{"0":{"shape_attributes":{"name":"polygon","all_points_x":[79,129,157,114,79],"all_points_y":[92,81,101,114,92]},"region_attributes":{"wooden chair":"upholstery"}},"1":{"shape_attributes":{"name":"polygon","all_points_x":[75,117,121,125,160,150,142,144,110,112,96,102,80,81,74,75],"all_points_y":[33,29,27,77,98,195,192,163,170,204,202,167,156,180,183,33]},"region_attributes":{"wooden chair":"wooden chair"}}}},"abc_112.jpg5051":{"fileref":"","size":5051,"filename":"abc_112.jpg","base64_img_data":"","file_attributes":{},"regions":{"0":{"shape_attributes":{"name":"polygon","all_points_x":[31,79,94,97,40,31],"all_points_y":[88,88,99,105,106,88]},"region_attributes":{"wooden chair":"upholstery"}},"1":{"shape_attributes":{"name":"polygon","all_points_x":[77,32,29,40,37,47,52,88,90,101,95,83,77],"all_points_y":[19,24,134,138,161,160,144,140,155,150,106,85,19]},"region_attributes":{"wooden chair":"wooden chair"}},"2":{"shape_attributes":{"name":"polygon","all_points_x":[150,100,147,188,150],"all_points_y":[109,126,149,135,109]},"region_attributes":{"wooden chair":"upholstery"}},"3":{"shape_attributes":{"name":"polygon","all_points_x":[160,205,190,182,178,153,146,140,137,106,104,92,104,142,160],"all_points_y":[37,52,183,183,171,181,199,206,176,163,183,183,130,109,37]},"region_attributes":{"wooden chair":"wooden chair"}}}},"abc_111.jpg4654":{"fileref":"","size":4654,"filename":"abc_111.jpg","base64_img_data":"","file_attributes":{},"regions":{"0":{"shape_attributes":{"name":"polygon","all_points_x":[33,82,126,73,33],"all_points_y":[86,68,91,107,86]},"region_attributes":{"wooden chair":"upholstery"}},"1":{"shape_attributes":{"name":"polygon","all_points_x":[166,109,155,203,166],"all_points_y":[109,123,146,134,109]},"region_attributes":{"wooden chair":"upholstery"}},"2":{"shape_attributes":{"name":"polygon","all_points_x":[12,15,30,83,88,126,121,111,104,77,57,52,40,17,12],"all_points_y":[148,40,32,20,66,89,110,117,148,142,177,123,116,155,148]},"region_attributes":{"wooden chair":"wooden chair"}},"3":{"shape_attributes":{"name":"polygon","all_points_x":[207,161,150,107,110,118,118,141,147,159,160,197,197,210,213,207],"all_points_y":[69,51,104,122,180,180,177,183,207,203,152,141,187,188,77,69]},"region_attributes":{"wooden chair":"wooden chair"}}}},"abc_110.jpg5827":{"fileref":"","size":5827,"filename":"abc_110.jpg","base64_img_data":"","file_attributes":{},"regions":{"0":{"shape_attributes":{"name":"polygon","all_points_x":[56,107,154,152,111,61,56],"all_points_y":[123,112,123,135,143,128,123]},"region_attributes":{"wooden chair":"upholstery"}},"1":{"shape_attributes":{"name":"polygon","all_points_x":[114,161,157,160,152,120,115,101,105,66,69,59,56,104,114],"all_points_y":[13,20,121,185,175,191,208,211,148,130,185,188,117,110,13]},"region_attributes":{"wooden chair":"wooden chair"}}}},"abc_109.jpg5416":{"fileref":"","size":5416,"filename":"abc_109.jpg","base64_img_data":"","file_attributes":{},"regions":{"0":{"shape_attributes":{"name":"polygon","all_points_x":[83,109,147,158,133,83],"all_points_y":[113,92,97,110,125,113]},"region_attributes":{"wooden chair":"upholstery"}},"1":{"shape_attributes":{"name":"polygon","all_points_x":[82,47,92,109,159,156,163,153,133,128,93,85,76,82],"all_points_y":[83,75,55,36,43,88,104,153,190,148,136,177,172,83]},"region_attributes":{"wooden chair":"wooden chair"}}}},"abc_108.jpg6045":{"fileref":"","size":6045,"filename":"abc_108.jpg","base64_img_data":"","file_attributes":{},"regions":{"0":{"shape_attributes":{"name":"polygon","all_points_x":[89,121,167,124,95,89],"all_points_y":[166,154,161,175,168,166]},"region_attributes":{"wooden chair":"upholstery"}},"1":{"shape_attributes":{"name":"polygon","all_points_x":[58,102,114,167,169,133,97,65,62,95,58],"all_points_y":[112,102,139,146,198,212,187,199,192,185,112]},"region_attributes":{"wooden chair":"wooden chair"}}}},"abc_107.jpg7415":{"fileref":"","size":7415,"filename":"abc_107.jpg","base64_img_data":"","file_attributes":{},"regions":{"0":{"shape_attributes":{"name":"polygon","all_points_x":[56,148,182,172,48,55,56],"all_points_y":[115,113,132,140,129,110,115]},"region_attributes":{"wooden chair":"upholstery"}},"1":{"shape_attributes":{"name":"polygon","all_points_x":[140,49,50,71,77,175,169,180,186,148,140],"all_points_y":[6,4,201,223,144,143,210,211,76,67,6]},"region_attributes":{"wooden chair":"wooden chair"}}}},"abc_106.jpg4712":{"fileref":"","size":4712,"filename":"abc_106.jpg","base64_img_data":"","file_attributes":{},"regions":{"0":{"shape_attributes":{"name":"polygon","all_points_x":[62,135,178,99,62],"all_points_y":[86,74,89,105,86]},"region_attributes":{"wooden chair":"upholstery"}},"1":{"shape_attributes":{"name":"polygon","all_points_x":[48,117,123,108,109,180,155,184,173,154,104,106,87,81,54,51,66,65,48],"all_points_y":[10,6,32,48,63,86,102,207,202,162,177,222,222,190,174,192,97,51,10]},"region_attributes":{"wooden chair":"wooden chair"}}}},"abc_105.jpg5191":{"fileref":"","size":5191,"filename":"abc_105.jpg","base64_img_data":"","file_attributes":{},"regions":{"0":{"shape_attributes":{"name":"polygon","all_points_x":[159,227,219,171,159],"all_points_y":[82,80,89,91,82]},"region_attributes":{"wooden chair":"upholstery"}},"1":{"shape_attributes":{"name":"polygon","all_points_x":[167,222,220,209,229,216,230,160,168,156,177,173,172,167],"all_points_y":[22,29,47,60,82,95,164,161,90,79,70,51,19,22]},"region_attributes":{"wooden chair":"wooden chair"}},"2":{"shape_attributes":{"name":"polygon","all_points_x":[131,24,23,51,102,127,131],"all_points_y":[142,138,152,159,163,155,142]},"region_attributes":{"wooden chair":"upholstery"}},"3":{"shape_attributes":{"name":"polygon","all_points_x":[33,121,134,100,104,129,129,126,107,74,54,37,37,23,22,53,59,30,33],"all_points_y":[57,61,102,119,136,136,159,178,192,165,179,192,159,151,136,136,119,109,57]},"region_attributes":{"wooden chair":"wooden chair"}}}},"abc_104.jpg5751":{"fileref":"","size":5751,"filename":"abc_104.jpg","base64_img_data":"","file_attributes":{},"regions":{"0":{"shape_attributes":{"name":"polygon","all_points_x":[29,96,132,212,163,91,69,5,89,29],"all_points_y":[52,71,112,127,172,127,172,174,128,52]},"region_attributes":{"wooden chair":"wooden chair"}}}},"abc_102.jpg6294":{"fileref":"","size":6294,"filename":"abc_102.jpg","base64_img_data":"","file_attributes":{},"regions":{"0":{"shape_attributes":{"name":"polygon","all_points_x":[76,119,173,175,112,76,71,76],"all_points_y":[113,95,110,123,139,121,110,113]},"region_attributes":{"wooden chair":"upholstery"}},"1":{"shape_attributes":{"name":"polygon","all_points_x":[121,56,70,67,124,115,166,169,175,175,123,121],"all_points_y":[8,18,110,177,214,143,131,181,183,115,95,8]},"region_attributes":{"wooden chair":"wooden chair"}}}},"107150381-old-children-s-wooden-chair-on-a-white-background-with-clipping-path.jpg119437":{"fileref":"","size":119437,"filename":"107150381-old-children-s-wooden-chair-on-a-white-background-with-clipping-path.jpg","base64_img_data":"","file_attributes":{},"regions":{"0":{"shape_attributes":{"name":"polygon","all_points_x":[238,592,788,343,222,238],"all_points_y":[595,576,674,711,623,595]},"region_attributes":{"wooden chair":"upholstery"}},"1":{"shape_attributes":{"name":"polygon","all_points_x":[599,595,802,748,758,667,681,564,562,392,373,294,317,240,226,177,194,198,599],"all_points_y":[184,569,674,702,1126,1115,1021,954,991,982,1166,1170,1028,982,1038,1038,611,182,184]},"region_attributes":{"wooden chair":"wooden chair"}}}},"18808522-simple-wooden-chair.jpg116287":{"fileref":"","size":116287,"filename":"18808522-simple-wooden-chair.jpg","base64_img_data":"","file_attributes":{},"regions":{"0":{"shape_attributes":{"name":"polygon","all_points_x":[267,531,972,960,657,265,267],"all_points_y":[442,356,438,493,611,518,442]},"region_attributes":{"wooden chair":"upholstery"}},"1":{"shape_attributes":{"name":"polygon","all_points_x":[509,189,148,226,265,616,602,668,680,919,915,990,967,593,509],"all_points_y":[41,98,972,981,520,591,1115,1104,611,522,931,924,438,356,41]},"region_attributes":{"wooden chair":"wooden chair"}}}},"408661_2_2.jpg165983":{"fileref":"","size":165983,"filename":"408661_2_2.jpg","base64_img_data":"","file_attributes":{},"regions":{"0":{"shape_attributes":{"name":"polygon","all_points_x":[413,546,707,566,501,413],"all_points_y":[734,684,706,777,779,734]},"region_attributes":{"wooden chair":"upholstery"}},"1":{"shape_attributes":{"name":"polygon","all_points_x":[452,293,346,336,373,311,417,562,734,736,508,442,452],"all_points_y":[461,479,650,668,761,855,833,955,878,659,609,442,461]},"region_attributes":{"wooden chair":"wooden chair"}}}},"718lhIVFzzL._SY550_.jpg38397":{"fileref":"","size":38397,"filename":"718lhIVFzzL._SY550_.jpg","base64_img_data":"","file_attributes":{},"regions":{"0":{"shape_attributes":{"name":"polygon","all_points_x":[57,194,289,144,57],"all_points_y":[301,278,309,339,301]},"region_attributes":{"wooden chair":"upholstery"}},"1":{"shape_attributes":{"name":"polygon","all_points_x":[298,193,290,396,298],"all_points_y":[257,273,305,285,257]},"region_attributes":{"wooden chair":"upholstery"}},"2":{"shape_attributes":{"name":"polygon","all_points_x":[172,31,53,67,131,126,158,166,267,247,285,290,194,164,168],"all_points_y":[50,38,457,442,481,520,523,365,348,479,476,307,272,41,49]},"region_attributes":{"wooden chair":"wooden chair"}},"3":{"shape_attributes":{"name":"polygon","all_points_x":[175,274,287,397,385,357,367,312,301,296,282,292,195,169,167,175],"all_points_y":[46,61,257,285,430,430,395,379,390,478,470,314,271,199,38,46]},"region_attributes":{"wooden chair":"wooden chair"}}}},"415cUBfnc5L.jpg23534":{"fileref":"","size":23534,"filename":"415cUBfnc5L.jpg","base64_img_data":"","file_attributes":{},"regions":{"0":{"shape_attributes":{"name":"polygon","all_points_x":[31,122,201,193,94,27,31],"all_points_y":[245,232,250,269,279,265,245]},"region_attributes":{"wooden chair":"upholstery"}},"1":{"shape_attributes":{"name":"polygon","all_points_x":[299,214,221,308,386,383,299],"all_points_y":[232,251,273,280,270,253,232]},"region_attributes":{"wooden chair":"upholstery"}},"2":{"shape_attributes":{"name":"polygon","all_points_x":[16,112,125,199,196,178,179,98,108,85,33,39,24,21,12,16],"all_points_y":[119,109,228,249,387,372,272,285,396,329,317,374,374,261,113,119]},"region_attributes":{"wooden chair":"wooden chair"}},"3":{"shape_attributes":{"name":"polygon","all_points_x":[303,304,399,390,374,377,325,326,310,311,233,229,212,217,291,303],"all_points_y":[114,109,114,377,382,275,279,399,399,286,280,372,377,248,230,114]},"region_attributes":{"wooden chair":"wooden chair"}}}},"50d1c89460dd12d002c837794c2dd3a1.jpg32963":{"fileref":"","size":32963,"filename":"50d1c89460dd12d002c837794c2dd3a1.jpg","base64_img_data":"","file_attributes":{},"regions":{"0":{"shape_attributes":{"name":"polygon","all_points_x":[23,23,178,347,227,30,23],"all_points_y":[356,356,307,350,417,363,356]},"region_attributes":{"wooden chair":"upholstery"}},"1":{"shape_attributes":{"name":"polygon","all_points_x":[182,382,353,360,340,340,236,199,201,68,70,36,29,166,188,182],"all_points_y":[22,43,351,549,548,510,572,596,445,407,561,564,363,307,23,22]},"region_attributes":{"wooden chair":"wooden chair"}}}},"4pyzfx35qaytocbzlw4ea3ug3ko9dm9t.jpeg5533":{"fileref":"","size":5533,"filename":"4pyzfx35qaytocbzlw4ea3ug3ko9dm9t.jpeg","base64_img_data":"","file_attributes":{},"regions":{"0":{"shape_attributes":{"name":"polygon","all_points_x":[18,110,168,112,24,18],"all_points_y":[83,77,88,103,92,83]},"region_attributes":{"wooden chair":"upholstery"}},"1":{"shape_attributes":{"name":"polygon","all_points_x":[29,117,184,189,168,195,187,168,138,129,127,40,35,25,33,19,29],"all_points_y":[52,11,12,34,54,190,189,104,103,217,105,93,190,191,100,89,52]},"region_attributes":{"wooden chair":"wooden chair"}}}},"0cxyjkstvsim02e63ax0r8mkx454u76z.jpeg6859":{"fileref":"","size":6859,"filename":"0cxyjkstvsim02e63ax0r8mkx454u76z.jpeg","base64_img_data":"","file_attributes":{},"regions":{"0":{"shape_attributes":{"name":"polygon","all_points_x":[21,62,108,69,21],"all_points_y":[101,90,103,118,101]},"region_attributes":{"wooden chair":"upholstery"}},"1":{"shape_attributes":{"name":"polygon","all_points_x":[121,163,213,156,121],"all_points_y":[100,89,102,116,100]},"region_attributes":{"wooden chair":"upholstery"}},"2":{"shape_attributes":{"name":"polygon","all_points_x":[6,56,78,105,80,104,91,49,60,49,31,8,0,17,1,6],"all_points_y":[41,45,95,101,114,160,145,162,182,181,135,137,156,68,46,41]},"region_attributes":{"wooden chair":"wooden chair"}},"3":{"shape_attributes":{"name":"polygon","all_points_x":[170,151,117,147,128,140,173,170,176,198,219,218,221,170],"all_points_y":[41,87,100,112,155,150,159,178,186,111,157,70,38,41]},"region_attributes":{"wooden chair":"wooden chair"}}}},"2tnf474x6dspt2oyd7dmn35i0bz1ltix.jpeg4642":{"fileref":"","size":4642,"filename":"2tnf474x6dspt2oyd7dmn35i0bz1ltix.jpeg","base64_img_data":"","file_attributes":{},"regions":{"0":{"shape_attributes":{"name":"polygon","all_points_x":[74,146,153,59,74],"all_points_y":[86,86,136,132,86]},"region_attributes":{"wooden chair":"upholstery"}},"1":{"shape_attributes":{"name":"polygon","all_points_x":[157,67,71,44,70,63,149,138,166,172,157],"all_points_y":[15,7,64,108,221,162,169,218,120,106,15]},"region_attributes":{"wooden chair":"wooden chair"}}}}}